<?xml version="1.0" encoding="UTF-8"?>
<project-private xmlns="http://www.netbeans.org/ns/project-private/1">
    <editor-bookmarks xmlns="http://www.netbeans.org/ns/editor-bookmarks/2" lastBookmarkId="0"/>
    <open-files xmlns="http://www.netbeans.org/ns/projectui-open-files/2">
        <group>
            <file>file:/C:/Users/jhost/Escritorio/Nueva%20carpeta/PRACTICA2.1/PRACTICA2/src/vista/RegistroPasajero.java</file>
            <file>file:/C:/Users/jhost/Escritorio/Nueva%20carpeta/PRACTICA2.1/PRACTICA2/src/modelo/Dao/DaoPasajeros.java</file>
        </group>
    </open-files>
</project-private>
