{"controlador.TDA.Listas.DynamicList":{"header":{"info":{"@class":"modelos.Pasajeros","idPasajeros":1,"Dni":1900528371,"nombres":"Elena","apellidos":"Salto","datosboleto":{"Salida":"Cañar","Llegada":"Orellana","idBoletos":2,"BoletosComprados":1,"FechadeSalida":"12-01-2024","HoradeEmbarque":"09:30","PrecioTotal":2.5}},"next":{"info":{"@class":"modelos.Pasajeros","idPasajeros":2,"Dni":1150939724,"nombres":"Jhostin","apellidos":"Rojas","datosboleto":{"Salida":"Carchi","Llegada":"Tungurahua","idBoletos":3,"BoletosComprados":1,"FechadeSalida":"14-09-2024","HoradeEmbarque":"16:00","PrecioTotal":2.5}},"next":{"info":{"@class":"modelos.Pasajeros","idPasajeros":3,"Dni":1150838475,"nombres":"Kevin","apellidos":"Tapia","datosboleto":{"Salida":"Chimborazo","Llegada":"Sucumbíos","idBoletos":4,"BoletosComprados":1,"FechadeSalida":"19-04-2024","HoradeEmbarque":"13:30","PrecioTotal":2.5}},"next":{"info":{"@class":"modelos.Pasajeros","idPasajeros":4,"Dni":1900345678,"nombres":"Andres","apellidos":"Muñoz","datosboleto":{"Salida":"Carchi","Llegada":"Tungurahua","idBoletos":5,"BoletosComprados":1,"FechadeSalida":"20-08-2024","HoradeEmbarque":"18:30","PrecioTotal":2.5}},"next":{"info":{"@class":"modelos.Pasajeros","idPasajeros":5,"Dni":1303753618,"nombres":"Pablo","apellidos":"Abad","datosboleto":{"Salida":"Chimborazo","Llegada":"Morona Santiago","idBoletos":2,"BoletosComprados":1,"FechadeSalida":"18-09-2024","HoradeEmbarque":"08:00","PrecioTotal":3.5}},"next":{"info":{"@class":"modelos.Pasajeros","idPasajeros":6,"Dni":1600226722,"nombres":"Angel","apellidos":"Barrigas","datosboleto":{"Salida":"Chimborazo","Llegada":"Morona Santiago","idBoletos":3,"BoletosComprados":2,"FechadeSalida":"12-07-2024","HoradeEmbarque":"12:30","PrecioTotal":5.5}},"next":{"info":{"@class":"modelos.Pasajeros","idPasajeros":7,"Dni":1709338089,"nombres":"Coronel","apellidos":"Jennifer","datosboleto":{"Salida":"Chimborazo","Llegada":"Napo","idBoletos":4,"BoletosComprados":2,"FechadeSalida":"12-12-2024","HoradeEmbarque":"11:30","PrecioTotal":2.5}},"next":{"info":{"@class":"modelos.Pasajeros","idPasajeros":8,"Dni":"180217484-5","nombres":"Davila","apellidos":"Sofia","datosboleto":{"Salida":"Carchi","Llegada":"Santo Domingo de los Tsáchilas","idBoletos":5,"BoletosComprados":1,"FechadeSalida":"12-20-2024","HoradeEmbarque":"14:00","PrecioTotal":3.5}},"next":{"info":{"@class":"modelos.Pasajeros","idPasajeros":9,"Dni":1001976420,"nombres":"Jean","apellidos":"Encalada","datosboleto":{"Salida":"El Oro","Llegada":"Zamora-Chinchipe","idBoletos":6,"BoletosComprados":2,"FechadeSalida":"23-04-2024","HoradeEmbarque":"15:00","PrecioTotal":5.5}},"next":{"info":{"@class":"modelos.Pasajeros","idPasajeros":10,"Dni":"0904906716","nombres":"Angy","apellidos":"Farfan","datosboleto":{"Salida":"El Oro","Llegada":"Orellana","idBoletos":7,"BoletosComprados":2,"FechadeSalida":"12-09-2024","HoradeEmbarque":"15:00","PrecioTotal":8}},"next":{"info":{"@class":"modelos.Pasajeros","idPasajeros":11,"Dni":1703198570,"nombres":"Veronica","apellidos":"Gallardo","datosboleto":{"Salida":"Cotopaxi","Llegada":"Sucumbíos","idBoletos":8,"BoletosComprados":3,"FechadeSalida":"30-02-2024","HoradeEmbarque":"14:30","PrecioTotal":3.5}},"next":{"info":{"@class":"modelos.Pasajeros","idPasajeros":12,"Dni":1002022752,"nombres":"Juan","apellidos":"Hernandez","datosboleto":{"Salida":"Carchi","Llegada":"Manabí","idBoletos":9,"BoletosComprados":2,"FechadeSalida":"21-09-2024","HoradeEmbarque":"15:00","PrecioTotal":2.5}},"next":{"info":{"@class":"modelos.Pasajeros","idPasajeros":13,"Dni":1103393912,"nombres":"Anahi","apellidos":"Jaramillo","datosboleto":{"Salida":"Cotopaxi","Llegada":"Pastaza","idBoletos":10,"BoletosComprados":3,"FechadeSalida":"29-20-2024","HoradeEmbarque":"14:30","PrecioTotal":7.5}},"next":{"info":{"@class":"modelos.Pasajeros","idPasajeros":14,"Dni":"110232468-6","nombres":"Kelly","apellidos":"Kuffo","datosboleto":{"Salida":"Azuay","Llegada":"Pichincha","idBoletos":11,"BoletosComprados":1,"FechadeSalida":"11-05-2024","HoradeEmbarque":"14:00","PrecioTotal":2.5}},"next":{"info":{"@class":"modelos.Pasajeros","idPasajeros":15,"Dni":1102858329,"nombres":"Geovanny","apellidos":"Leon","datosboleto":{"Salida":"Carchi","Llegada":"Sucumbíos","idBoletos":12,"BoletosComprados":1,"FechadeSalida":"12-07-2024","HoradeEmbarque":"13:30","PrecioTotal":2.5}},"next":{"info":{"@class":"modelos.Pasajeros","idPasajeros":16,"Dni":1709785073,"nombres":"Danny","apellidos":"Naranjo","datosboleto":{"Salida":"Carchi","Llegada":"Loja","idBoletos":13,"BoletosComprados":1,"FechadeSalida":"29-09-2024","HoradeEmbarque":"19:00","PrecioTotal":2.5}},"next":{"info":{"@class":"modelos.Pasajeros","idPasajeros":17,"Dni":"180196840-3","nombres":"Ocampo","apellidos":"Jostin","datosboleto":{"Salida":"Pichincha","Llegada":"Bolívar","idBoletos":2,"BoletosComprados":2,"FechadeSalida":"23-05-2024","HoradeEmbarque":"08:30","PrecioTotal":5}},"next":{"info":{"@class":"modelos.Pasajeros","idPasajeros":18,"Dni":1305310102,"nombres":"Luisa","apellidos":"Pacheco","datosboleto":{"Salida":"Santa Elena","Llegada":"Chimborazo","idBoletos":3,"BoletosComprados":3,"FechadeSalida":"12-03-2024","HoradeEmbarque":"14:30","PrecioTotal":7.5}},"next":{"info":{"@class":"modelos.Pasajeros","idPasajeros":19,"Dni":1500313588,"nombres":"Hamilton","apellidos":"Valdivieso","datosboleto":{"Salida":"Tungurahua","Llegada":"Azuay","idBoletos":4,"BoletosComprados":2,"FechadeSalida":"11-03-2024","HoradeEmbarque":"19:30","PrecioTotal":2.5}},"next":{"info":{"@class":"modelos.Pasajeros","idPasajeros":20,"Dni":1308095064,"nombres":"Mario","apellidos":"Zambrano","datosboleto":{"Salida":"Sucumbíos","Llegada":"Morona Santiago","idBoletos":5,"BoletosComprados":7,"FechadeSalida":"01-01-2024","HoradeEmbarque":"15:00","PrecioTotal":12.5}},"next":{"info":{"@class":"modelos.Pasajeros","idPasajeros":21,"Dni":1711681013,"nombres":"Jennifer","apellidos":"Coronel","datosboleto":{"Salida":"Chimborazo","Llegada":"Azuay","idBoletos":2,"BoletosComprados":1,"FechadeSalida":"17-12-2024","HoradeEmbarque":"11:00","PrecioTotal":2.5}},"next":{"info":{"@class":"modelos.Pasajeros","idPasajeros":22,"Dni":1200242689,"nombres":"Gonzalo","apellidos":"Davila","datosboleto":{"Salida":"Cañar","Llegada":"Chimborazo","idBoletos":3,"BoletosComprados":1,"FechadeSalida":"25-03-2024","HoradeEmbarque":"12:00","PrecioTotal":2.5}},"next":{"info":{"@class":"modelos.Pasajeros","idPasajeros":23,"Dni":1100343756,"nombres":"Leo","apellidos":"Messi","datosboleto":{"Salida":"Azuay","Llegada":"Loja","idBoletos":4,"BoletosComprados":1,"FechadeSalida":"01-04-2024","HoradeEmbarque":"11:00","PrecioTotal":2.5}},"next":{"info":{"@class":"modelos.Pasajeros","idPasajeros":24,"Dni":1900589492,"nombres":"Cristiano","apellidos":"Ronaldo","datosboleto":{"Salida":"Carchi","Llegada":"Loja","idBoletos":5,"BoletosComprados":3,"FechadeSalida":"14-02-2024","HoradeEmbarque":"11:00","PrecioTotal":9.5}},"next":{"info":{"@class":"modelos.Pasajeros","idPasajeros":25,"Dni":"0978542356","nombres":"Neymar","apellidos":"Junior","datosboleto":{"Salida":"Bolívar","Llegada":"Loja","idBoletos":6,"BoletosComprados":2,"FechadeSalida":"03-04-2024","HoradeEmbarque":"11:00","PrecioTotal":5}}}}}}}}}}}}}}}}}}}}}}}}}}},"last":{"@reference":"..\/header\/next\/next\/next\/next\/next\/next\/next\/next\/next\/next\/next\/next\/next\/next\/next\/next\/next\/next\/next\/next\/next\/next\/next\/next"},"length":25}}